image,text
image31,i just wanna show you something comment what you think he's gonna show this goat fucker??
image32,a muslim in congress wants to get rid of homeland security let that sink in! 18 years after 9\/11 and this is where we are at?
image33,bert and ernie dress up as goats in an attempt to catfish arab men
image35,when people just talk about weed and forget your birthday (sad racist noises)
image38,gonna go outside #yolo anne frankly i thought she should have stayed home
image39,the look on his face when he discovers the blood from ahmed raping his virgin daughter
image40,hans ja? get him to auschwitz
image42,my thai girlfriend says a small penis shouldnt be a problem in a loving relationship but i still wish she didnt have one
image44,imagine if you will a group of people so disgusting... ...they have to make laws making it illegal to hate them
image45,"oh, he's using you for sex? stop bitching, sex is awesome. complain when he's using you for laundry ..or a human shield"
image46,siri take me home starting route to jail
image49,omg the middle east has ninjas too!!
image50,"religion of peace? before every one understands that slam is the i mean, how many more times they have to do this i can kind of understand why muslims get so frustrated"
image51,when fat white girls sit on the toilet
image53,how mexicans be like.. when they hear their friends kid is having a birthday party
image54,upper downer
image57,mississippi wind chime
image58,i've told my neighbor to keep thier pug out of my yard 3 times already
image59,something went... terribly wrong 1947 2017
image63,basic white girl in her natural habitat this is what i imagine heaven looks like womenwholovewine wineaisle target whitegirlwasted
image64,q: what's the difference between harry potter and jewish people? a: harry potter eventually escape the chamber
image68,when you let your ethiopian child sexslave swallow your cum i am a generous god
image70,opens ice cream shop only sells shakes
image73,i see a cat let's get it for lunch
image79,this is why no one likes black people
image80,radical muslims are snakes moderate muslims are the grass they hide in
image83,racing for pink slips in south africa
image84,so i bent him over like this and i made sure he felt the lord inside him
image89,it's a proven fact marines islamic radicals are less prone to violent acts after they've been shot in the head
image90,how i see kim burell everytime she grabs a mic!
image91,japanese fashion trends
image97,i'm not racist my drug dealer is black
image98,"what do you call a mexican midget? a paragraph, because he's too short to be an essay"
image102,crawling in mein skin these jews they will not heil!
image103,life has its ups and i have downs
image104,the floor is jews
image107,"average white \""women\"" average muslim women"
image112,my sister died in a car accident she died reading a text i sent to her hit a tree if you hate niggers this is the text hit a tree if you hate niggers
image113,when hoes backwash their drink
image115,when you find out a brown man talking to your sister
image117,this one time at camp   we got so baked
image118,when you're in heaven and you got your 72 virgins but allah lied about that one goat!
image119,"9\/11 gets a mourning day while gays get a \""pride\"" month because homosexuality is a bigger tragedy"
image120,"\""you wouldn't stop me if i was a polar bear.\"""
image121,broken dishwasher for sale or rent
image123,muslims when someone uses kilometres per hour instead of wifes per child sex slaves
image125,you're black. sorry no cure
image128,womens day gift packs
image129,"how many mexicans does it take to build a... oh wow, they're done"
image131,i only wear silk panties cotton ones remind me of slavery
image132,showing skin '' since you don't have anything else to offer ''
image134,remember when you needed to bang your tv to get it working? i tired that with my dishwasher and now she's pregnant
image135,are you bored? join spastics with special admin powers now
image137,"so, 100 americans and 300 russians walked into a mg 42"
image138,this is lynn. lynn got a watch for her birthday. just kidding. she hasn't opened her present yet
image139,for the many not the jew
image140,define nowfag i want it now!
image141,whats worse than raping a def girl? breaking her fingers after so she can't tell anyone
image145,what's the difference between jews and a loaf of bread? a loaf of bread doesn't burn in an oven
image146,cannibalism
image147,i said glass of juice not gas the jews
image148,stop making fun of our peaceful religion or we'll kill you
image149,nazi fitness camp before after body transformation within hours
image150,handjobs sold seperately
image151,it's mam  is it though?
image155,"lesbians when they spot a hot straight girl... \""call me tina cos i'm gonna turner\"""
image156,leave no dog behind ''
image157,i win again! parkinson's center
image158,dishwasher for sale missing parts
image159,when my autistic son finds out we're having chicken for dinner
image163,hello my lgbtq+ friends it's pride month so free shots for everyone!
image164,"dark humor is like hitler some people call it wrong, but i find it completely justified"
image166,sooo gorillas really are humans
image167,feel that? it used to belong to bruce jenner!
image168,blame other countries for having no culture rape women everyday
image169,life is like a bag of jelly beans nobody likes the black ones
image170,the whiteman is the devil!
image171,up to train & @peta team @ unhumanrights therapy dogs to console muslim rape victims
image175,it isn't islamophobia when they really are trying to kill you
image176,"men are such pigs, i hate them all why can't i ever get a date, i'm so lonely"
image177,when mohamed puts it inside
image178,faceswap ching chong 100
image179,four years for your bachelor's? i've worked 60 for my masters
image180,hide and go seek champion july 6 1942 - august 4 1944
image181,premier michel marrakesh
image182,"dont you care about my future? stop the \""refugee\"" invasion"
image187,"superman's flying class was popular, but no one ever passed"
image188,if they don't like it here they can leave!
image191,white people in chicago at 2am
image194,'' shoot them
image195,flowers for martin luther king day
image196,"\""muh dick\"" indicates a nigger's confusion and lack of understanding"
image197,"blacks are the only race to practice, \""love your enemies!\"" no other race practice's it more in the name of religion look at the condition of their people and look at the condition of blacks"
image198,i am not gay.. i am a man who turned into a woman after a bee sting and now i am attracted to men. rellly. trust me
image200,when you post a dishwasher meme and trigger the feminists.
image204,"as muslims, our quran orders us to immigrate to other countries, replace their governments with sharia law, orders the murder of christians, jews and all gay people, while embracing slavery and pedophilia. thanks democrats for making it so easy for us!"
image205,handjobs sold separately
image206,"oh boy i can't wait to go out and pray for allah on friday, march 15th 2019 12:30pm gmt at new zealand christchurch hello brother"
image207,"they struck our colors and raised their own if you are not pissed, then you are part of the problem!"
image208,i found jesus in prison i raped that mexican hard
image210,when you walk past the special ed classroom and see them gangbanging the teaher (jazz music stops)
image212,i want white people and aspirins out of this country why? because they are white and they work!!!
image215,*reacts in shea butter twitter*
image216,*playing an old piano i found* the other jews in the attic:
image217,whats the difference between boy scouts and jews? boy scouts come back from camp
image221,mohammed i'm pregnant...
image222,lucifer is hot! let's kill all non-catholics antichrist sun worship
image223,"when you realize that \""ginger\"" is just the n-word, rearranged"
image224,wnen you're walking home and come across a naked corpse i shouldn't
image225,japan soars to its highest temperature ever recorded: 106 degrees that's where you're wrong kiddo
image226,straight men's physiological stress response to see two men kissing is the same as seeing maggots
image228,how to get a black guy to see his baby
image230,the face that pro-lifers make when you talk about shooting immigrants
image231,"no i'm not going to kill the gays, make slavery legal, and take away women's rights i'm not a muslim"
image232,that face you make when you realize where all them free drugs came from
image233,i hate snow its white and on my land
image234,when you finger an arab girl
image236,no difference between both
image237,"my 6 year old son is in a wheelchair, so i made him a tank for halloween this year. special forces?"
image239,new zealand: dozens dead in mass shooting usa: -first time?
image240,islam is a religion of peace lets celebrate by killing infidels and beating women
image244,if your happy and you know it clap your hands.
image245,"lets erect a memorial to all the americans murdered by an illegal alien make it 1,500 miles long 30 feet tall and put it on the southern border"
image246,what do you call a nun in a wheelchair? virgin mobile
image247,you said islam is violent? i kill you!
image248,bruce jenner's cat
image251,remeber behind very great black man is the police
image252,photo of a survivor liberated from the auschwitz- birkenau camp 1945 (colored)
image253,how can this be allowed a free home and benefits? when this man was allowed to die on the streets after serving this country
image254,go be gay somewhere else
image255,if being racist means i don't want my country turned into a pile of rocks & goatshit ruled by a barbric cult then i'm a racist
image256,oh look my new dishwasher arrived
image261,me cis girls
image265,all men are dogs.. so which breed is your dad?
image266,"put'n the \""ham\"" in mohamed"
image272,when you and your homie load each other's dishwashers
image273,kick islam out of america you can't walk with god holding hands with the devil
image274,destruction 100 restoration 100
image277,there is no hindu terrorism in india. what if i say it isn't true? will shoot you dead
image280,gays on their way home after pride week
image282,israel israel is mak ko hijau mother of terrorism
image283,when you haven't stolen anything in a week
image284,"esther, you so ugly, i'm gonna take yo face and stamp out sum gorilla cookies"
image288,"hmmm... let's see, what kind of conspiracy theory can i get those white trash followers of mine to fall for next ?"
image289,"hey bro i'm not racist bro but ever noticed poo coloured women are loud, ugly, stupid, fat and act like primates? i haven't noticed that"
image290,"arrest white babies before they become land stealing, inbreeding, child molesting, dog raping, serial killing, racist white supremacist terrorist thugs"
image291,manditory vaccinations with no exemptions i do nazi the problem...
image296,i never get a straight answer for this ''
image297,jewish
image298,911 was personally difficult for me i lost 19 friends that day
image299,"*somethings bad happens* medieval europe: jews i swear, it was the guy with the long nose"
image301,therapy dogs are now being trained to console rape victims of muslims
image304,black people anything that doesn't belong to them
image305,are my sins forgiven now father ?
image309,real
image310,this flag represents white genocide
image313,black people are trying to wake up
image314,this nigar behind me ain't in compliance
image315,ashes to ashes  dust to dust the jews just left us
image316,they say there's safety in numbers tell that to 6 million jews
image317,a recent survey reported that 3\/4 of men don't know how to turn on the dishwasher  i find that licking her nipples and a light fingering usually does the trick!
image319,when a transgender takes a pregnancy test
image320,when eminem found out he couldn't be a juggalo !
image322,my favorite vegetable is me!
image323,i say woman of color because i want to be inclusive of all but white women
image326,when one of your neighbor's goats strays away from the herd now this looks like a job for me
image329,"jesus christ may have 2,000 people with 5 loaves of bread and 2 fish. but adolf hitler made 6 million jews toast"
image331,dad: we need to tell you something.. your mother and i are siblings alabama kids:
image332,when you go out to fight for independence but forgot to lock up the slaves
image333,"just because you have a beard, it doesn't mean you're a man. last time i checked vaginas can grow hair too"
image334,this steak is so black it stole my television
image335,"section 3: devide and rule ! in religion-based riots, crime will be trust upon hindus only. even though a hindu gets killed at the hands of the minorities, they will not be taken as guilty"
image336,know why gay guys never get messages from foreigners they'll get stoned
image338,i slipped and fell on black ice i thought it was regular ice but when i got up my wallet was gone
image343,when the school shooter finally leaves and the hottest girl in class is laying dead on the floor it's free real estate
image345,this is what happens when you're gay in a muslim country
image349,"it's a simple grammar question leeroy! \""what cames at the end of a sentence?\"" parole ?"
image350,"why isn't there a black guy in the clue board game? because then it would be called \""solved\"""
image352,when you suicide bomb an islamic mosque during a friday worship
image353,what do you call a black guy in a tree with a briefcase.. a branch manager
image354,rev up those gas chambers
image356,white people walked on all fours before black people came and showed them how to stand up
image358,my momma... momma says girls are the devil
image360,why isn't my drain working? probably cause the pipe's black
image363,"they should not be allowed to have kids you made your choice bitch, now live with it!"
image364,that face she makes when ahmed hits the g-spot
image365,"last year tyrone got a new job, started building his credit, and spending more time with his kids then something amazing started to happen!"
image367,all women should be believed until one of those bitches accuses a democrat
image370,"when your ex says \""you won't find a b*tch half the woman i am\"""
image371,a muslim ban would've stopped that
image372,i like pizza cause it doesn't scream when i put it in the oven
image374,goats can't talk why are so few muslim rapes reported?
image375,"45 goals of communism 26. present homosexuality, degeneracy and promiscuity as \""normal, natural, healthy.\"""
image376,islam is a cancer treat it with radiation
image378,he's making a list and checkin it twice gonna find out who gets deported by ice
image381,when your goat tells you she ain't on the pil
image383,"when i was in high school i got braces a friend told me, \""you're so black, even your teeth are behind bars,\"""
image384,"you pick cotton to get to it because it's white, it works, and why don't black people like aspirin?"
image389,"let me get this \""straight\"" muslims hate...- me- want to kill ..-me- so i gotta give up... my guns?"
image392,a good american is a dead american
image393,what you imagine when you're on a plane and you hear the person behind you say allahu akbar
image395,when you ask the jewsih girl for her number and she starts rolling up her sleeve
image397,where's jaws when you need him ?
image399,he went to jihad's
image400,amsterdam red light district isalamabad red light district
image402,men's shaving map transbender shaving map
image404,a typical white man
image405,"no one: white cops: he's black, so i'm assuming that he's evil"
image406,i said glass of juice not gas the jews
image409,you can kill muslims but you can't kill islam
image411,when the squad is about to get lit..
image412,muslims are idiots!!! muhammad was a pig that's the truth folks! allah is that pig's penis!!!
image413,understanding the difference nazism hollywood's inverted depiction of national socialism national socialism
image415,klu klux kar insurance we know it was dark and you just didn't see him
image416,wear a full burqa and nobody says anything change the cloth to white and everyone loses their mind
image417,girls are like jelly beans they're all good. except the black ones
image419,"shoot boy, i ain't racist i've got four black tires and a color tv"
image420,"mexicans hugging and kissing walls and fences, to show their love for border controls"
image423,i was chatting this liberal chick in a bar who told me that i should be more open to muslim culture so i raped her
image424,companies when pride month ends:
image425,they want this not beause they love you they need to mix breed to preserve their species
image426,literally me on social media *respect womens* me in irl *bang dishwashers* *respect womens*
image428,"ah, i think may have found the problem you appear to be a f*male"
image429,how do i like my eggs? same as i like my niggers beaten and separated from the whites
image433,"the city of seattle leaves poop on their sidewalks ...because hosing it off is \""racially insensitive\"""
image435,stevie wonder be like #selfie!
image437,what do they want? to kill more
image438,nobody: arabic talk show: good morning i hate women
image439,i'm not transphobic i just don't like 'em
image443,morgan freeman morgan not-so-freeman
image444,when you meet that gender studies student again my genders have doubled since the last time we met
image445,this would be racist if black people could read
image446,when each letter is a mental disorder
image447,worst pijama party ever
image448,"girls reaction when teacher says \""get out of class\"" boys reaction gorilla in a fuckin coupe reaction"
image449,chinese people be like happy thanksgiving
image450,he can be his new boy firend
image451,goofy fuckin black people
image452,why can't we spend money on education instead of drugs ''
image453,nice try women now go back to the kitchen
image454,the military finally captured the massive orangutan
image455,what kind of punch can take out 20 kids and 6 adults? a sandy hook
image457,"when you haven't stolen anything, used snap benefits or been loud at the movies for a few weeks"
image458,when you forget the bomb codes
image459,it can't be homicide if there is no race
image460,all i want for christmas is 6 million
image461,israel is not at war they don't fight soldiers they kill innocent men women and children from a distance
image462,"\""america has stolen the jews the jews of god his jewelry the negroes they are the true hebrews\"" google it"
image463,when the black kid is roasting the white kid and he has a gun in his backpack you think i would lose to a monkey
image464,when your chinese food shows up completely uncooked
image465,texas churches be like... pew pew pew
image467,"dad, dishwasher is loaded again '' ''"
image468,"dad why do we stink? so blind people can hate us too, son"
image469,remember behind every one of us is a police
image471,when each letter is a mental disorder
image477,"hi, i'm nate i'm a lesbian in recovery"
image478,i may be blind but at least i'm not black
image482,what women think they'll do when the economy collapses vs what they'll actually do
image483,i don't want to grow up to be abused as a muslim sex slave. please ban islam. #goatlivesmatter
image485,when your kid actually is transgender
image489,maybe if you worked a bit we wouldn't have inequality
image490,hey muslims eat me!
image492,"musslamic democrat, ilhan omar, has threatened members of congress. she's told several republicans that she'll send them \""shawarma\"", to \""give them a taste of her culture\"""
image500,when you step on landmine but you do not weigh enough
image501,when the kush so good you lose chromosomes
image502,maximum concentration
image504,i got fired from a restaurant for sticking my fingers in the dishwasher i'm wondering why they didn't fire her too
image506,jokes don't kill people they kill people '' ''
image507,how christians act in a religious discussion
image509,michelle obama without makeup
image510,ultimate terrorist lure position decoy and wait
image513,the wife said we needed a new coffee maker so i got one. her name is jill. the wife was not amused..
image515,healthcare for muslims
image517,and nothing of value was lost that day
image518,"whenever a white gay compares their struggle to that of a black woman well yes, but actually no"
image522,ramadan begins may 27. bombathon ends june 24
image523,"when the safe word is \""flower\"" but she kept saying \""flour\"""
image524,got a new slow cooker today
image525,when your chinese food shows up completely uncooked
image526,best thing about an ethiopian blowjob?... you know shes gonna swallow!!!
image528,"\""liberal whites are the greatest enemy of african americans.\"" -james meredith james merideth is a republican, an author, and most notably the first black student admitted to the university of missippi"
image529,arnold schwarzenigger
image530,muslim woman whines: i don't feel safe in us wearing a headscarf with trump as president then go back to your own country where they'll stone you to death for not wearing it
image531,"me giving nicknames to men who have wasted my time: we will call you, \""almost.\"""
image533,hitler at auschwitz be like: so we're just going to leave them for another minute or two until they get nice and smokey
image534,"look out, here comes the master race"
image536,how much did the holo cost
image537,"pedal faster patrick, the owners are coming"
image541,why do black people smell bad? so blind people can hate them too
image542,when he's muslim and asks you to role play
image543,im mixed with what? gorilla and rhino
image545,myth: gingers don't have souls fact: gingers earn a freckle for every soul they steal
image547,went to wal-mart picked up a brand new dishwasher!
image548,etch a sketch for my birthday worst present ever
image551,when you call that one dike bro by accident
image552,behind every goat is a happy muslim
image553,transwoman yelling at me about the meme i made me wondering what this dude's problem is
image554,beer goggles helping fat chicks get laid for thousands of years
image558,teacher : dont make any explosives inside the lab *le mohammed :
image560,"tresspass on federal land and we'll stalk, hunt, and kill you....... ...unless you are mexican"
image563,im really sorry that your not feeling well today but im still gonna need a sandwich
image564,when she's says she only dates black guys
image565,art school:*denies application* 6 million jews:
image571,i bet god is one of us because he didn't even raise his son
image572,"on ur way going to d church, u see someone beating ur mum like dis what would you do?"
image574,just trying to do my part
image576,muslims in 2001 muslim in congress 2019 defund homeland security
image577,my grandpas tractor never broke down
image578,but i wont do that will you let me come home i would do anything for love
image579,white children raped by muslims must 'shut their mouths for the good of diversity' says corbynite mp naz shah sack sicko labour mp naz shah
image580,when god sees people claiming that there are more than two genders isn't that my decision?
image581,i like my women like i like my subs 6 and 12
image583,every man needs a decent coffee maker
image585,when you don't abort the baby and it dies anyways
image586,"it's time to kill the british and dump tea into the ocean, and i'm all out of tea"
image587,me getting euthanized
image589,wax on whacks off
image590,do you know how to use an oven! or do i need to dig up hitler so he can show you!
image592,allah? pig fucker!
image593,"\""we asked 100 normal people what do you associate with islam?\"" terrorism 28 paedophilia 25 hate preaching 20 unwelcome invaders 10 excessive breeders 7 goat fuckers 5 i think the missing answer is peace? if it's there i'll give you money myself"
image595,when you try to catch a dark type pokemon
image599,i don't care what these liberal pro lgbt government officals say if i see a man follow any of the females in my family into the bathroom he'll crawl out looking like this
image600,looking for attention? join us
image601,leo varadkar stars in.... 'tranny without a fanny' coming soon in dail anal
image602,faceswap ching chong 100
image603,death to all muslims
image605,it's gettin hot in here so take off all ur clothes
image610,when i grow up... lol nevermind
image614,in this edition we don't buy property; we steal it!
image615,when your master refuse to feed you a watermelon after you pluck cotton from his field
image616,i told my gay friend that i can turn fruits in to vegetables and he told me to prove it so i pushed him off a balcony
image618,when you finally headshot 150 black people
image623,bruhh.. white ppl give me a headache
image624,911 three white kids in the park planning the next school shooting two can play that game
image625,patrick kenneth x scandal lebron james
image626,i'm not saying i'm fat i just have more chins than a asian phone book
image629,somehow we went from this to having american hating radical muslim anti-semites and socialists not only in congress but on the foreign intelligence committee. how the hell did this happen?!
image632,''dont cry because it's over smile because it happened'' -dr. seuss
image633,for the last time.. i'm not michelle obama
image634,guys i think my dog has autism lmao
image635,gays on social media: equality! body positivity! love love love! gays in real life: there is no place for her in our social circle
image638,"all kinds of people may worship odin except gays, jews, transgender, sex workers, arabs, asians, non whites, hispanics, and niggers"
image640,what's worse than ants in your pants? uncles
image642,look dad im doing it you did it tyrone! you stole your first bike
image645,oh look. this thread again
image646,mission: get out of bed status: close enough
image647,the difference between moderate muslim and radical muslim follow my allah or he kill you moderate muslim follow my allah or i kill you! radical muslim
image648,how to get a black guy to see his baby
image652,illegal aliens should be america's number 1 export
image654,when the air hostess gives you two extra slice of bread and a pack of milk but you still have to blow up the plane anyway musalman
image656,i'm a gnigger and you've been robbed
image659,i thought of something funnier than 9\/11 the holocaust
image660,when all your peaceful solutions fail you know what old problems require old solutions
image662,the perfect game doesn't exis......
image663,when they asks why you dropped the muslim kid off from school to give the parents back their bomb
image664,"benjamin mileikowski your homeland is poland it is not in palestine! did you know that more than half of israel population is comprised of people who are of \""polish and \""russian\"" descent ?"
image665,stop confusing illegal aliens with immigrants
image667,"jesus is love, and he welcomes all homosexuals into heav.. don't be decieved! homosexuals will not inherit the kingdom of god!"
image670,not all of us are terrorists but all terrorists are one of us
image671,you can be any gender you want if you are mentally ill
image673,chevy guys be like we just got done muddin' ford guys be like we just got done muddin
image676,non-binary genders are real there are more than 2 genders. no...just no!!!
image680,not my president not my residents
image681,"a german ss soldier punishing a small jewish boy by sticking a sharpened spear in the boys anus, auschwitz concentration camp, poland 1944. (colorized)"
image685,meanwhile in mexican schools
image686,this chick can't stand fishing
image687,i threw my new muslim neighbors a house-warming party the police called it arson...whatever
image689,your rights end where my feelings begin
image691,i like my niggers like i like my christmas ornaments hanging from my tree
image692,when your dick game is weak but your finger game is out of this world
image694,"beheaded, shot and stoned to death: 369 trans people killed this year you gotta pump those numbers up. those are rookie numbers"
image695,"\""you are allowed to drive?\"" no, i took a magic carpet ride here"
image698,don't settle for just any bargain brand white trash ask for tomi larhen by name now with 50% more maga
image699,i'm not an islamophobe i just can't stand the cunts
image700,made rice krispies way before kellogg's
image701,dishwasher: *not working* me: *hits it too get it too work* everyone else at my wife's funeral:
image702,we said we would never forget why are you voting them into our government?
image704,antique farm equipment
image705,immigrants wave our flag invaders wave their own
image710,child protective services takes away children from parents who don't vaccinate but they're perfectly fine with them
image713,"i don't see \""color\"" or \""race\"" because i make sure to surround myself only with white people"
image714,i got new shoes brother died from ebola
image716,when japan thinks you're gonna invade their mainland
image717,"women are like parking spots usually, the best ones are taken... so when no one is looking-stick it in the disabled one"
image718,the only people who truly love each other based on personality are asians because they all look the same
image719,life hack: your dishwasher can also wash your car
image721,immigrant problem problem fixed
image722,the difference between moderate muslim and radical muslim moderate muslim follow my allah or i kill you! radical muslim follow my allah or he kill you
image724,we have enough thoughts and prayers please send bobs and vagine
image725,"\""i went to walmart and picked up a new sandwich maker.\"""
image726,faceswap ching chong 100
image727,"and then i said, mr. president there's no walmart's in north korea only targets"
image729,i tried to play uno with my mexican friends but they kept stealing all of the green cards
image731,"when someone accuses you of being racist, but they don't realize you have a black friend i know someone"
image732,donald trump proving you don't have to be poor to be white trash
image734,"been here 3 months, gets $1 400 \/wk from the government been here 6 generations, gets loan to be repaid in full from the government"
image736,when the oven is full so you start putting jews in the deep fryer
image738,how chevy guys go muddin how ford guys go muddin
image741,adult diapers for complete shitheads
image742,shitters clogged
image744,i'm in love with the shape of jew
image745,mississippi wind chime
image746,im long and strong and down to get the goat hump on
image747,"i don't always see muslims at the public swimming pool but when i do, i always tap the \""no bombing\"" sign"
image751,not sure which gender you are? look in your underwear you're welcome
image752,let me play with the muslims
image754,"together, my brothers, the islamic state will rise"
image758,my religion is the religion of peace if you don't believe in it we will kill you
image760,nationalism is beauty feminism isn't
image762,i's ed moore. and i's loves crackas
image763,when your in alabama and your 4 year old sister says she wants a boyfriend
image764,just because your islamaphobic doesn't mean they don't want to kill you
image767,kill all niggers white power
image773,farm equipment and livestock don't mix
image774,when your little one brings home his first girlfriend
image775,immigrants illegal aliens
image776,if you make a camp to help kids with adhd is it a conentration camp?
image777,"we're new, bold, and we hate you! we hate whites, jews, christians, conservatives, republicans, & patriots"
image781,"death to the jews!!! death to the christians!!! death to the hindus oh, and by the way, islam is a religion of peace. please stop persecuting us and try to be more tolerant"
image783,women deserve equal rights
image784,i sad glass of juice not gas the jews
image786,cooking teacher: 'today we'll learn how to use the ovens' the german kid:
image787,i need you to .. remove all muslims from any public office
image788,dont drink with him he cant hold his liquor
image790,pakistanis when indian pages posts any posts
image791,that chicken is so black it owes child support
image793,when you get kicked out the library for putting women's rights books in the fiction section i'm right
image797,that chicken was so black the police just arrested it
image799,when the plantation owner trades you for a tractor w.t.f!!!
image801,you funny jew i kill you last
image802,middle eastern prostitute
image805,control the narrative still think all them shootings are done by black people. they are playing chess not checkers
image807,"stevie wonder cant read? no shit, he's black"
image808,gotta run away from those niggers
image809,"when you hear 'em yelling that allahakbar crap, just shoot 'em before they blow up a bomb, or start stabbin' and shootin' people"
image812,what would i do if she got pregnant
image813,*when they cut muslim child neck instead of dick* the bomb has been defused
image817,arrest black babies before they become criminals
image818,auditioned for jazz band not enough soul
image819,"\""when the gunman realizes that nobody else is armed, he will lay down his weapons and turn himself in. that's just human nature.\"" that woman just went full retard!"
image821,when the muslim kids in your class start hanging out with you
image824,breaking news: listening to queen can cause autism because of the high mercury content
image826,america has stolen the jews the jews of god. his jewelry. the negroes they are the true hebrews. google it
image828,that's black people for you what did you expect?
image829,"fucksake, this porn hasn't downloaded properly"
image830,any white girl that look like this will rob you and help you look for whatever she stole
image832,when republicans freed the slaves this is how democrats responded
image833,for just ten cents a day you can have delicious hand jerky
image835,is it offensive to ask a pregnant jewish woman if she has one in the oven
image839,black people anything that doesn't belong to them
image840,"white people be like \""hunting is a sport\"""
image842,"a black man created the toilet, he made it white on purpose"
image843,obama voters
image844,"what are they fighting over? is it: a) the last pan ducle b) he accidentally touch the homies hand passing a beer? c) foo used the last of the three flowers. d) homie said \""i got you on gas\"" but he only has $3!"
image846,jesus loves you because you're poor white trash
image847,the last thing a tr*nsexual sees before it gets sent to hell
image848,"a summary of every jewish holiday they tried to kill us, we won, let's eat"
image849,white people after they put the divider in between your groceries
image850,when you're caught staring at a goat and your wife gives you that face
image851,the only woman who knows where her husband is... is a widow the rest of u can sit down... and make me another cup of tea
image852,i'm not a racist my shadow is black
image853,"hey, i just met you, and this is crazy, this is my grenade so blow me, maybe?"
image854,farmersonly.com... where white trash meet other white trash
image857,i wonder what kind of sandwich she is building. oh
image858,">2000: \""relax, bigot. it's not like gays are going to come into your kid's classroom and tell them to be gay.\"" >2017."
image859,plays uno that's racist! steals all the green cards
image861,when you're part of the real suicide squad
image862,muslims claim noah was a muslim and noah brought pigs on the boat? happy sinday
image863,if i become a superhero would i be an ex-men or a trans-former
image864,when your days are numbered but you can't count
image866,"instructor: ...and this is how you take off me: ok cool, but how do i land? instructor: good question"
image869,when an asian buys an american sports car the gooks of hazzard
image870,if you find talk in the locker room to be offensive you have obviously never heard the talk in a restaurant kitchen before
image874,you say you're tired of the race card? well we're tired of the mental illness card mass shooters young often taken alive white by their brothers in blue male
image876,i'm voting for trump whitetrash lives matter the hoosier state
image879,"complains about islamaphobia hates jews, christians, atheists, gays, your culture, your traditions, your country and you"
image880,i don't always jihad but when i do i kill the disabled
image882,jamal! im pregnant!!!
image883,mandatory vaccinations without exemptions. i do nazi see the problem..
image884,i said glass of juice not gas the jews
image885,good morning sleepyhead
image886,hahaha good one let's throw a jew in the oven to celebrate
image887,money money money!!!
image888,"bruce was limber, bruce was quick. but bruce went liberal and lost his dick"
image890,when i grow up i'm going to blow up
image891,"\""if you kill a killer, the number of killers in the world remains the same.\"" -batman \""lol, okay faggot.\"" -punisher"
image892,vietnamese people be like hand me da meat hammer so i can torture john mccain's bawrr sack
image893,weeeeeee! back over the border you go!
image894,my favorite animal is carrot
image896,"me. saving refugees \""nice try\"""
image897,my sandwich- maker is very slow today
image900,"what is that wonderful smell? it smells like.... caramel! oh, today we burnt the diabetics"
image903,porki comment army in action against india
image904,the difference between moderate muslim and radical muslim follow my allah or i kill you! radical muslim follow my allah or he kill you moderate muslim
image905,a muslim threesome
image908,mississippi wind chime
image909,and then i told them you're going on a fun camping trip
image910,even i can see  duke sucks
image911,yes i'm trying to divide the country i'm dividing the illegals from the actual citizens
image912,black people when they get pushed too far white people when they get pushed too far
image913,when somebody shootin up the school & you tell the special ed kids to run at him as a distraction
image914,the greatest gift of life is friendship and jews stole it and have removed it from me
image915,when you forget that blind people have a heightened sense of smell why is your penis out ?
image916,"bitch, please! i don't i've got to go wanna get blow myself up tomorrow! married! islam - none of it makes sense"
image919,is someone using the oven? cuz i smell gas
image920,my husband is always pushing me around.... and talking behind my back
image921,men are pigs some just oink louder than others
image923,step one: turn on the gas
image924,marokko speed dating
image925,it's the kiiiiiiiiiiiiiiiiiikes
image926,me and the boys after killing innocent people in a bomb blast
image927,chinese ppl be like  happy thanksgiving!
image928,"normal people , indian people"
image929,"average iq #france has fallen by 4 points per decade due to \""biological causes\"""
image930,got any choc isis ?
image932,what is the difference between a hockey player and a feminist? a hockey player will shower after three periods
image933,"yeah, i'm lgbt let god burn them"
image934,happy birthday the mexicans will pay for your birthday cake
image937,what's missing from a_schwitchz? u
image939,god- makes women humans- make dishwasher god- am i a joke to you?
image940,"\""this is not going to be the country of white people\"" - ilhan omar"
image941,"gas stay in if da door \""ay, tone. how'd da is made of wood?\"""
image945,how muslims see us
image947,send him to... meowschwitz
image949,bert and ernie dress up as goats in an attempt to catfish arab men
image952,no money for them plenty of money for them
image956,3 jews walked into a bar kidding it was a gas chamber
image957,"just banged a girl that stutters finished before she could say \""no\"""
image958,oh god!... when will this white fuckers understand this is not their country
image959,that face you make when 17 of your schoolmates have been shot dead and you're about to go on tv
image960,black people anthing that doesn't belong to them
image961,ready for the cupcake? wake up and smell the bacon! we're loosing our beloved america to these goat humpers stop being afraid of being called a racist and grow a pair and act like americans
image962,when your dishwasher breaks so you give it a kick to make it work again my kids watching me beat my wife:
image966,cannibalism
image967,"i'm not racist, racism is a crime and crime is for them"
image968,"\""women have the will of an adult but have the mind of a child.\"""
image969,in norway we rape after dinner
image970,aids gays it really be like that
image971,i normally rape goats. but little boys are okay
image972,all muslims are terrori but all terrorists are muslim
image974,can you see the difference?
image976,made rice krispies way before kellogs
image978,i only wear silk panties cotton ones remind me of slavery
image979,when ur too young to know the concept of racism but ur happy cause u got a new pet
image980,when you're shooting up the school and the cops shoot the black kid that's running away
image981,i will lie. i will sleep with anyone. i will attack sexual perverts like joe biden in my own party to get ahead! i will let illegals murder americans. i will let newborns be i want to be your comfortable and executed president!
image984,"when halloween has been a month ago, but your son continues to dress as a woman"
image985,mooch in his natural habit
image987,transgender when just being gay doesn't get you the attention you rightfully deserve!
image988,white men are evil... i married one to make sure
image989,the name's todd.. retodd
image990,when your dishwasher is broken so you take it back to walmart to get a new one
image992,"i saw a fat girl with a guess shirt on, so i approached her and said \""380 lbs?\"""
image993,when it's your 1st cake day and you really wanna blow that candle
image994,truth be told the real reason for racism
image995,let's play: word scramble n g e g i r
image997,100% of illegal aliens are criminals
image998,becomes a woman immediately kills a person driving
image1001,you know what really grinds my gears? niggers
image1003,"bernie couldn't be more excited for his first day as a police officer he outright refused to accept his paycheck, insisting that being able to legally shoot black children is payment enough"
image1005,don't shoot i'm unarmed
image1007,"how to trigger liberals in 3, 2, 1 #whiteprideworldwide"
image1008,homosexuals get beheaded so the men cover themselves up
image1009,when you're usually a happy afghan but your girl broke up with you so now you're asad afghan taliban spokesman
image1010,matte black gloss black
image1011,how do we destroy the patriarchy? it's simple. we eat it
image1012,racing for pink slips in africa
image1015,yo dawg i heard you loved chinese food so we killed your cat
image1016,"these holocaust are very offensive! anne frankly, they need to stop"
image1019,"i'm a moderate muslim. that means that while other muslims are putting bombs on your buses and raping your children, i'll be telling you that islam is peaceful protesting when you insult my religion and lobbying your government to take away your free speech"
image1020,when you bout to nut in your cousin and you hear the barn door open
image1022,"if being a racist means i don't want my country filled with radicalized 'refugees' from terrorist countries, attacking people in the street because of their religion, yelling <<death to infidels>>, stabbing dozens of bystanders with a butcher knife then i'm a racist"
image1024,does anyone know where i can get a rag? there's 49 of them on the floor in a mosque
image1026,nein shawty its ya bday anne frankly i hope you celebrate it with bae
image1032,what's the difference between a jew and a pizza a pizza doesn't scream in the oven
image1033,best thing about an ethiopian blowjob?...  you know shes gonna swallow!!! well it's true
image1034,when an indian rapes 3 tourists from 3 different countries mr. worldwide
image1038,say it again jerry i shoot ilegals
image1040,smashed potatoes
image1043,white trash britney is my spirit animal
image1044,class! class! listen! daylight savings ends today you must move your clock bombs forward one hour
image1045,like a hot ls swapped rx-7 girl with a penis
image1047,what do you call pool full of handicap people? vegetable soup
image1052,which jewish girl is hotter?
image1057,immigrants illegal aliens
image1060,jews did 9\/11 truth is antisemitic
image1062,it's racist to call me a goat humper even though i hump goats
image1065,"wait, mohammad come back!! i didn't mean to laugh,really size doesh't matter to me lol"
image1066,"they kill gays, and women who go out in public without a male relative and are supported by democrats and liberals"
image1067,forcing children into religion is child abuse. religion has to be taught. it's not natural 
image1070,"all muslims are a danger to americans! ban them all! except the rich ones who spend tens of millions at my hotels and condos, of course!"
image1074,thanks jews! the gift of 911
image1075,transgender people have a problem with their head not their crotch
image1076,companies when pride month ends:
image1077,wants to stone gay people to death dresses like a drag queen
image1078,90 percent of indians are idiots: justice markandey katju
image1079,you with the ewe stop that!
image1087,when you just finished shooting a bunch of black kids but accidently killed a squirrel
image1089,new seat belt design 50% less accidents
image1090,knowing white people he's probably the father
image1092,what's the difference between boy scouts and jews? boy scouts come back from their camps
image1097,build a house for r250m while ordinary citizens live in poverty? i blame apartheid
image1100,michelle obama angry monkey
image1103,how to cook turkey in usa how to cook turkey in romania
image1108,i'm not racist. racism is a crime and crime is only for blacks
image1110,anyone who disagrees with homosexuality and gay marraige is probably a closet homosexual. do you disagree with pedophiles and pedophilia?
image1112,heroin is destroying the white community keep up the good work heroin
image1115,all aboard the jew jew train
image1119,who cares if mexicans are offended americans are offended by illegal immigration
image1121,how to tell if it's your turn to do laundry 1. look down your pants. 2. do you have a penis? 3. then it's not your turn
image1122,dis one time at concentration camp i got such bad gas
image1124,first black guy to admit he is the father
image1125,flat earth is based on christianity and christianity is a jewish death cult think about it
image1128,god will forgive you no matter what you've done sweet
image1129,"like me you idiots should be storming the capitol right now instead you're drinking beer, smoking weed, and shooting off chinese fireworks. now do you see why we made you slaves?"
image1131,safe sex isis style
image1133,when buslim nibba see his sister
image1134,because they love you they want this not they need to mix breed to preserve their species
image1139,when you see muslims at bunnings buying pool chemicals and fertilizer
image1140,"\""ay,tone. so da franks was transferred to multiple camps. shouldn't they have whacked her da first time? doesn't seem very efficient.\"""
image1141,best holiday gift for muslims
image1143,free dishwasher missing parts
image1144,i believe this is the work of the zionist enemy they burned notre dame cathedral as message to the world
image1148,i told my gay friend i can turn fruits in to vegetables and he told me to prove it so i pushed him off a balcony
image1149,when you are that ugly you don't have a choice
image1150,the difference between moderate muslim and radical muslim follow my allah or i kill you! moderate muslim follow my allah or he kill you radical muslim
image1151,my hands look like this so she can look like this
image1153,hotline to : allah pull pin hold to ear then wait for dial tone
image1154,"this is a declaration of war  ...on you, your family, your friends, and all you hold dear"
image1155,is it a boy or a girl it's a bomb
image1157,all that's wrong with america is white people!
image1159,me getting offended at a joke is like a jew escaping a gas chamber it never happens
image1160,handjob sold separately
image1161,fidget spinner for woman
image1162,i'm not sure about abortion on one hand it kills babies on the other hand i hate black people
image1163,there are only two genders: male female
image1167,the same people that hate trump think this is a woman
image1170,"i'm a parasite, also known as a zionist we zionists are a cancer unto the nations"
image1171,blind people will be so happy when they see these new emojis
image1172,"\""the only way to end racism is to kill the racists.\"" -oprah winfrey yeah-she means white people"
image1173,jewish supremacists playing the role of victim while they victimize everyone on the planet
image1174,"i don't always see muslims at the public swimming pool but when i do, i always tap this sign"
image1177,i have no idea how to do your job but my book says you're doing it wrong
image1178,bitches are like stitches pick on them and they open up
image1179,when your memes spread faster than stds at gay bars i've got the power
image1181,great punching bag
image1184,how much did the holla cost
image1185,and so it begins... pedophelia was always the end game of gay marriage; we christians tried to warn you
image1187,jewber: uber for jews
image1188,i like my coffee like i like my slaves extra dark
image1190,"put'n the \""ham\"" in mohamed"
image1191,i bet her pillows dont have pillowcases
image1192,"when an indian man marries he scratches the dot off his wife's forehead to see if he's won a gas station, a motel, or a subway restaurant"
image1195,fifty shades of goat an isis love story
image1196,"lets see if this is considered dark honey,you killed a butterfly. no butter for you for a month dad i also killed a cockroach today. nice try.."
image1198,the media calls them refugees but this is what you will get
image1199,hello satan... they are mocking islam!
image1200,"august, 1945: the last words of the would co-pilot moments before he total destruction on hiroshima unleash i hope these rice people like mushrooms!"
image1207,hunger games he's winning
image1208,it isn't islamophobia when they really are trying to kill you
image1209,no more excuses european americans are generational squatters
image1211,don't know how to deal with black people but i guess i'll take a shot at it
image1212,then he said i couldn't come to the barbecue because i always burn the franks
image1215,dark humor is like good food not everyone deserve it ;
image1217,every man needs a decent coffee maker
image1219,after group sex mohammed is very tired
image1222,imagine a world with no muslims... just imagine that peace
image1225,mandatory vaccinations '' no exemptions
image1227,it's hard to be first class when you're white trash
image1229,i'm not saying shes a slag but she's seen more japseyes than an asian optician
image1233,straight pride! becasue the human race will go extinct otherwise
image1234,trans-sports allowing medicore male athletes to finally become champions
image1236,what's the difference between a cow and the holocaust? you can't milk a cow for 75 years
image1237,"a girl asks her mom, \""why am i black and you're white?\"" she says, \""the way that party went, you're lucky you don't bark. \"""
image1238,"muslim nibba lost his bag, help to find"
image1243,keeping your dishwasher clean  will make it last longer
image1248,when you raid area 51 to find aliens but all you find are mexicans
image1249,you can't hate jews if there's no more jews
image1250,fuckin' slaves
image1251,black people mitochondria being the powerhouse of the cell
image1253,monkey blood
image1254,same
image1257,black people anything that doesn't belong to them
image1258,black friday sale
image1260,i'm really sorry you're not feeling well today... but i'm still gonna need a sandwich
image1263,feminist literature? you mean cookbooks?
image1265,when your little car bomber brings home his first girlfriend
image1266,the clitoris has around around 8000 nerve endings but still isn't as sensitive as a white male liberal on the internet
image1267,"when she says you're like a brother to her, but y'all live in alabama so iz we fuckin or nah?"
image1268,we've been at peace with japan since 1945 time to make peace with islam
image1271,"when an indian man marries he scratches the dot off his wife's forehead to see if he's won a gas station, a motel, or a subway resturant"
image1272,muslims did this islam is not a religion! it's the world's largest death cult christian girl: killed for refusing to convert to islam this is islam
image1273,how muslims see us staring down the barrel of a .45........ how we see muslims
image1275,when the plantation owner invites you to a hunting session but everyone has a rifle except for you. hol up
image1276,"pssst! the jews are the globalists that's what the term international jewry\"" meant. but don't tell anyone, you can't say \""it's the jews\"""
image1278,ah the young they blow up so quickly
image1280,another khuuun tiger woods claims hes not black despite his father being black
image1282,do you want to know the real reason they don't want 5.7 million muslims rioting in their streets the french government hasn't mentioned terrorism?
image1285,"it hurts the poor muslim's feelings? well, whoopty doo... this aint arabia meathead"
image1286,donald trump wall cop or muslims no mexicans don't mess with his wall!
image1288,"schnazi the dachshhund \""i have eliminated the chews\"""
image1291,minnesota rep. ilhan omar (d) calls to defund homeland security well she is a terrorist so.
image1293,smh kids these days rely too much on technology
image1294,chances are that god was black because he didn't even raise his son
image1295,"gaming in north korea if you die in game, you die in real life"
image1297,muslims muslims
image1299,this is nahir nahir is born in germany nahir is german this is fluffy fluffy is born in horse stable fluffy is a horse
image1302,literally nobody: white people sitting at the bar: can you put it on the golf channel??
image1303,and that was the last nativity play my son was invited to take part in
image1304,this is the muslim brotherhood
image1306,each color is a mental disease
image1307,how you look when youre black and you celebrate the 4th of july
image1308,i'm a feminist and i work to protect rights of women . calm down.. i didn't mean muslim women
image1310,look son another terrorist attack by peaceful muslims!
image1312,manditory vaccinations with no exemptions i do nazi the problem...
image1313,"\""islam is love!\"" - ariana grande yeah, if you're a goat"
image1314,celebrating the ebt card. oh snap
image1318,i married my brother to commit immigration fraud
image1320,"muslims zombies both carry a virulent disease that transforms the host into a mindless, irrational, and above all violent creature"
image1321,me and the boys after killing innocent people in a bomb blast
image1322,when cops see an unarmed black youth:
image1323,seriously mate... what's the fuckin point?
image1325,black people then black people now
image1326,i like my coffee like i like my slaves extra dark
image1329,spending quality time with dad
image1330,randomly deciding to bake something
image1332,blowjobs buy one get one free
image1333,when your dishwasher asks you to take out the trash  i think it has a mind of its own
image1334,"we will kill every man, woman, child shia, sunni.... zoroastrain, kurd or christian but we don't touch israel why is that?"
image1340,jews and americans will ruin the world
image1342,they told me i would miss my family i never miss at close range
image1347,"never take a man who takes a lot of selfies seriously either he's gay, thirsty, arrogant, or needs attention like a female"
image1350,"when your wife is secretly a dinosaur, and you don't find out before she givs birth to four crossbreed raptors"
image1353,mommy look! an indian man! don't look at them ricky. i don't want you to be influenced by...ohgodno rickyyy show bobs and vagene pls
image1354,jewish invention ''
image1355,when you want to win but you're already 5 down before you even start
image1357,"black girl with green contacts? bitch, stop it. you look like an xbox"
image1358,pork is unclean? ever smell one of these goat fuckers?
image1359,shhh...the christians think this holiday is about jesus. wait until they discover it's traditionally celebrated with orgies!
image1360,"if you believe that, i've got a virgin goat to sell you!"
image1361,i only wear silk panties cotton ones remind me of slavery
image1362,baby look like he pay his own child support
image1365,a black chinese now i can die in peace chigga
image1366,there's no better time to combine out efftorts than now! blacks whites team - together everyone achieves more
image1368,deport illegal immigrants? let's start with white people
image1369,jihadi magazine's miss december
image1371,"dark humor is like hitler some people call it wrong, , but i find it completely justified"
image1374,"keep yelling, motherfuckers allah be with you shortly"
image1376,when you're given an n-word pass but you can't help but still be super white howdy-ho negroes
image1379,transgenderism used to be the subject of psychological horror films now it's the new normal and if you don't agree with the psychos... you're not normal
image1380,no one: white people when you nod at them:
image1382,if there is no race it can't be homicide
image1383,why are liberals so angry? its not like republicans can take their slaves away again.
image1384,i think i almost got my dishwasher working
image1386,he asked me if its permissible to smoke marijuana in muslim country. so i told him in our contries only gays get stoned
image1387,did you say dude blew his tranny???
image1389,from 16 indictments to nothing! thanks 'white privilege!'
image1390,burn them all that's my girl
image1395,the look he gives you when you're the new goat in town
image1398,im living in downtown
image1399,"it happend mom, a black guy gave me complement ohhh sweety i'm so sorry. that means you need to lose about 30 pounds"
image1401,this is the result of letting muslims in '' ''
image1402,thankfully youtube blocked those videos or she might have popped even more people in their office
image1403,oh boy i freaking hate niggers
image1404,i can put up with muslims killing canadians but i absolutely will not tolerate canadians criticizing muslims
image1410,this red copper flipside can fit six wieners inside it just like your mom
image1411,we said we would never forget why are you voting then into our government?
image1412,white people: all asians look the same also white people:
image1413,i'm a gnigger and you've been robbed
image1414,"sorry, i only grope women"
image1416,and that was the last nativity play my son was invited to take part in
image1422,police academy graduation ceremony
image1424,when your girl thinks it's cool to yell at you in front of company
image1425,"\""dammit i said \""glass of juice\"" not \""gas the jews!!\"""
image1427,looking at you sorry no cure
image1428,say allahu akbar again... ...go ahead...say it!
image1429,starving mexican monkey eating peanuts
image1430,hey muslim eat me!
image1432,adding coolant when the farm equipment overheats
image1433,"socialists want to disarm us and make us use trains no thanks, i've seen where that leads, i'll keep my car"
image1435,hey bro close your eyes bro yes bro? ok bro go deeper o yeah abdul
image1437,you can see black lives matter
image1439,why can't you play uno with a mexican? because they'll steal all the green cards
image1440,america : * nukes japan* three days later: ahhhh gettin kinda bored
image1442,when you save it because you thought it was just burnt up
image1443,"spiders be like black people.. not all of them are dangerous, but still, you don't want one in your house"
image1445,terminigger
image1446,this isn't even my final form
image1449,oh boy i cant wait to pray at my favorite mosque on march 15th 2019
image1450,great at making martinis terrible at stealing tambourines
image1451,allah akbar! next thing you know everyone is dead  
image1452,there is widespread disagreement among islamic scholars about whether homosexuals should be burned or thrown off buildings
image1454,bruce jenner's cat
image1455,"i want my 72 virgins to be 66 goats, 5 boys and 1 bi-curious donkey"
image1456,arnold shootzanigger
image1457,how long can he run? till the chain tightens
image1460,this one time at camp we got so baked
image1461,what kind of punch can take out 20 kids and 6 adults ? a sandy hook
image1462,genocide is like christmas it's more fun when it's white
image1464,what's the hardest part of eating a vegetable? the wheelchair
image1465,future sex slaves welcome their muslim masters
image1466,this time. our president is not your muslim brother
image1467,when u forget to lock ur basement door and ur pets try to run away
image1468,slavery reinstated catch yourself a strong one
image1472,how transgender kid and his family roll up to the court ruling about adding a gender inclusive bathroom to the school
image1473,little white person please leave before my ancestors tell me to kick you off this mountain
image1474,when all your troops are freezing in russia so you burn 6 million jews to keep them warm
image1477,when you haven't stolen anything in a week
image1478,non-members members-only gate let me in. autistic reaction let me iiiiiin
image1479,"hijab babrie comes with stones, shovel and removable head"
image1481,"i'm not racist, racisim is a crime. and crime is for black people"
image1488,when black dick just ain't cutting it anymore
image1489,holocaust makes me sad!
image1490,my new wife is like my car 12 years old and stolen from europe
image1491,where's my water?
image1494,"hello abdul, today i'm alone at home. *abdul this is ultimate"
image1495,jewish privilege running all the banks and fleecing us with their usury white privilege getting blamed for the world's problems by jewish supremacists
image1496,"when yo finna play w\/ yo self, then you think about yo dead relatives thats watching"
image1497,where is the black guy?
image1498,stepped on a landmine didn't weigh enough
image1499,"crisis hotline, how can i help? well...i'm feeling suicidal.. great! can you fly a plane?!"
image1503,mama i just killed a man
image1504,"trayvon martin update ever since he turned white, he stopped being a criminal"
image1510,terrorist attacks innocent people with guns leaders want innocent people to give up their guns and become even more defenseless.
image1513,men are like dogs we're excited to see you... and have no clue what you're mad about
image1518,islam is the religion of peace! don't believe me? then i will blow you up
image1523,slice and dice n1gg3r
image1525,almost all terrorism is sponsored by saudi arabia before the solution to terrorism after problem solved
image1526,"to all you liberal \""women\"" in favor of islam this young lady is being sold into sexual slavery as child bride"
image1528,i love muslims point me to right direction
image1530,what i'm really thinking when i like all your pictures
image1531,we should respect blacks
image1533,just bought my first slow cooker!
image1534,when the mexican lady at taco bell messes up your order
image1535,when the jews genocide you so hard for 50 years that your population triples
image1539,when you take a africa bottle of water to
image1542,me and styrofoam... yup...both white trash
image1545,i'd like to report hello 911 emergency? a misandry! yes this girl came out of nowhere and totally ignored my man feelings!
image1548,48 year old white women when they see an actually good meme how can you read this? there's no minions
image1549,when she's trying her hardest to make you cum but you already visited your favorite goat
image1550,when the bell goes off on the first day of school and the autistic kid thinks it's the hunger games
image1551,we said we would never forget why are you voting them into our government?
image1553,you can hide but you can't run
image1555,what's the difference between a jew and a pizza? a pizza doesn't scream when you put it in the oven
image1556,for guys that like it nice and slow gimme a call
image1557,when she finally has your own month
image1559,"if you have on fake hair, fake eyebrows, fake eyelashes, and a lot of makeup on then you're a tranny!!"
image1560,"why do you hate us? all we want to do ia move to your country , condemn your lifestyle, harass your women, destroy your freedom of speech and march through your streets calling for people to be beheaded"
image1563,for gay pride month i'd love to pump a gallon of my aids infected homo milk up your large intestine!
image1566,i hate racism. why would you choose to hate an entire group of people just becase of the way they all behave
image1567,i like to hit on women with black kids because i can guarantee they're single
image1568,where's jaws when you need him?
image1569,"shoot boy, i ain't racist i've got four black tires and a color tv"
image1570,they did not even leave dogs
image1574,commander! our transgender battalion needs reinforcements!
image1581,chloroform puts the sensual back into non-consensual
image1600,white people after they put the divider in between your groceries
image1601,when the villagers ask why all the 9 year old girls are walking funny
image1602,perks of being my friend? you'll be the normal one
image1604,"look son, there in england more peaceful muslims blowing people up"
image1605,white people is this a shooting range
image1609,hello mengele i think one of your experiments has escaped
image1611,"50 jews walk into a train, what do you call them? fuel"
image1612,how to break up a blacklivesmatter protest! are you my dad
image1613,chillin with my chromies
image1616,i like my refugees like i like my pasta limp and floating in water
image1618,has extra chromosome probably stole it
image1619,fresh out of bradford bomb jovi
image1620,"i don't wanna get married! bitch, please! i've got to go blow myself up tomorrow! islam - none of it makes sense"
image1621,muslims in 2001 defund homeland security! muslim in congress 2019
image1622,praise allah! our 72 virgins
image1623,trump supporters be like mexicans stole my teeth
image1624,saddle up boys!!! time too play cowboys
image1625,white people: all asians look the same also white people:
image1626,if your man dresses like this there no doubt he's gay
image1628,he went to jihad's
image1629,"islam \""i will instill terror into the hearts of the un believers: smite ye above their necks and smite all their finger-tips off.\"" quran 8:12"
image1631,if it's brown flush it down
image1634,"i'm sorry, barack but my new transgender law applies to michelle as well"
image1635,how a woman tells society she is single
image1638,original black friday sale
image1640,pray for the starving children while i hold this gold thingy
image1641,all races unite against islam!
image1644,whole world- earth is round buhammad nibba it's flat goatfucker
image1647,friends house and he when you at your white starts stabbing his parents only the dead can know peace from this evil
image1649,i stand with hitler these was this time at auschwitz when i needed medical attention and doctor mengele was there for me
image1651,you know like when the tv doesnt work you give it a hard hit and then its all better
image1653,white people after 10 shots black people after 10 shots
image1654,"when the white kid you've been nice to passes you a book under the table and he wrote \""you're cool. run out of the school when i give the signal\"""
image1658,my black boy friend
image1659,trans rights? the only trans i support is the trans-atlantic slave trade
image1660,you know like when the tv doesn't work you give it a hard hit and then its all better
image1662,"i love anal, but my sister hates it"
image1663,when your german grandfather teaches you how to make gingerbread houses
image1664,"racism exists among all races in the world.. white people are just better at it, like most things"
image1669,crackers gonna crack
image1673,i got arrested for punching this guy at a new years party. when you hear an arab counting down from ten your instincts kick in
image1674,what do you get when you see bill cosby in double vision raped
image1675,visit germany before germany visits you
image1677,when each letter is a mental disorder
image1678,blind people will be so happy when they see these new emojis
image1680,a muslim walks into a gay bar. bartender: what will it be? muslim: free shots for everyone!
image1682,"\""jet fuel\"" \""arabs with boxcutters \"""
image1683,"when the deaf kid insults you with sign language, so you break his fingers modern problems require modern solutions"
image1684,"have you ever studied the history of the jews? did you know that they have always banded together as a tribe, infiltrated governments, monopolized the financial systems of nations instigated wars and intentionally created chaos in societies? the jews have mass murdered millions of non- jews over the centuries theyve seized control of the media so you'll never find out study the history of the jews!"
image1685,you knew that was the wrong hole you're goddamn right i did!
image1687,how do you know if a black guy is well hung? you can't fit your finger between the rope and it's neck!!
image1688,what's the difference between an illegal immigrant and e.t.? e.t. learned to speak english and he wanted to go home!
image1689,this is really out of mein kampfert zone
image1691,thanks trump for my new job making america white again
image1692,no islam in europe go home
image1693,god : *creates women* humans : *creates dishwashers* god :
image1696,black people anything thoat doesn't belong to them
image1697,r.i.p trayvon martin
image1698,brett kavanaugh grabbed my penis
image1700,feminist literature? you mean cookbooks?
image1701,i got some muhammed for you right here howyou like me now?
image1703,"my milkshake brings muslims to the yard, and they're like .. allahu akbar!"
image1704,this would be racist if black people could read
image1705,didn't stand during the national anthem.. no one said a word... #whiteprivilege
image1706,"everyone knows hitting appliances that stop working, sometimes fixes the problem"
image1708,when you see a child in a gay parade half naked twerking with everyone celebrating ernie prepares to commit a hate crime
image1709,"the ink pen has always been one of the most deadliest weapons of the caucasian with it he can sign your life away to poverty, prison, and slavery"
image1710,"wait, mohammad come back!! i didn't mean to laugh, really size doesh't matter to me lol"
image1711,meet muhammed
image1712,when someone tells me women must serve men
image1716,muslims in 2001 defund homeland security! muslim in congress 2019
image1717,"him: \""you have to respect our religious beliefs\"" me:"
image1718,this transgendershit is getting outta hand
image1720,"we raped your women, pillaged your land and murdered you the most but now, i baptise you in the name of the father"
image1725,the only time it's ok to finger your sister
image1727,please make them white
image1729,"the numbers are supposed to go down, not up!"
image1730,.... if only it gave you legs
image1731,15 years in prison??? that means my next girlfriend hasn't even been born yet!
image1732,it's not rape it's a cuddle with a struggle
image1734,what's the difference between harry potter and the jews? harry managed to escape from the chambers
image1735,muslims in 2001 defund homeland security! muslim in congress 2019
image1736,nobody: european jews after 1933: now we're the skeleton crew
image1739,good morning gamers let's go kill some trannies
image1740,get the hell out
image1742,what's worse than a female driver?
image1745,picked up 2 new pillows and dishwasher at the flee market winner winner chicken dinner
image1746,destroying babri hindu niqqas after buslims after throwing stones on local mandir
image1747,"if your phone gets wet, try putting it in dry rice at night, the rice will attract asians who will fix your electronics for you"
image1750,if there are no blacks there would be no racism
image1751,now i know why bitches raise their one leg up!
image1752,but i'm israeli god promised me the car!
image1753,"when your sister only bangs black guys and gets knocked up ...and you literally become \""a monkey's uncle!\"""
image1754,sea monkeys
image1756,no matter what anyone tells you racism is ok
image1758,"when your girl is bulimic, but you like gagging sounds, so you call her \""fatty\"" while you beat your meat in the shower"
image1761,when you catch your goat with another man
image1767,"when you kick a trans woman in the crotch you see, he's just a man"
image1770,when a girl says she is lesbian so you become trans to smash modern problems require modern solutions
image1772,"\""why do \""white people\"" own so many pets ? because we're not allowed to own people anymore \"""
image1774,not going anywhere a while? for sniggers
image1775,i'm trying to put a load in the dishwasher him: me too!
image1779,"muslim at the entrance: \""hello brother!\"" brenton tarrant:"
image1781,obama voters
image1782,this faceapp stuff is incredible!
image1783,'' i'm gonna be a tranpa!
image1785,"trans women are women, trans women are women, trans women are women, trans women are women, she still gotta get a prostate exam at 40 tho"
image1790,we give your holy flag praise our lord and enslaver
image1792,when you're losing an argument against your black friend
image1794,i don't want no windmill blowin no cancer on me!
image1795,asians be like switching to fullscreen mode
image1799,give me the bread or i'll kick you pregnant transgender
image1800,isis glory hole
image1801,this is nahir nahir is born in germany nahir is german this is fluffy fluffy is born in horse stable fluffy is a horse
image1804,"\""oh no hundreds of white people: years of culture is being destroyed\"" all other reaces: first time?"
image1805,sis: you're the father\/uncle bro: i'm gonna be an funcle?
image1806,a short histoy of u.s. presidents
image1807,"feminism: because bitter, ugly lesbian need attention too!"
image1808,just trying to do my part
image1813,how to get a black guy to see his baby
image1814,white people know thyself
image1815,"either we fuckin, or i'm fuckin"
image1816,muslims conservatives hating jews
image1817,it's hump day!!! oh fuck!!!
image1818,"when you ask them if they're having a seizure but they just spasm on the ground instead of answering you all right, then. keep your secrets"
image1821,racing for pink slips in africa
image1826,ford owner blew a rod wasnt talking about his engine
image1827,love is love respect
image1828,stop using other's cultures to fill up your empty white settler soul
image1829,when your boss volunteers you for the next suicide bombing
image1830,it's super rare to find a kitchen that has four ovens and three dishwashers
image1834,"everyone told me ''he is gonna leave\"""
image1836,playboy offered her a million dollars to pose nude nat geo offered her the same
image1838,when the school shooter finally leaves and the hottest girl in class is laying dead on the floor it's free real estate
image1839,mississippi wind chime
image1844,im going trans hunting
image1846,muslims in 2001 muslim in congress 2019
image1847,designed for maximum concentration
image1849,when your white friends invite you to dinner and tell you to bring whatever you want
image1851,they say a woman's work is never done maybe that's why they get paid less
image1852,no pity sex? i am going to shoot an unarmed black citizen
image1853,perfect girls don't exi-
image1854,that moment in history when bill clinton decided to rip those poor mexican kids from their momma's arms
image1856,mom won't let me use the oven with my jewish friends
image1860,what's worse than a female driver?
image1863,chocolate melts at 86*f
image1864,behind every screaming goat is a muslim with his pants down
image1867,how many nails are there in a lesbian's coffin? none. it's all tongue and groove
image1868,trump the messiah of white trash racists
image1869,"hates europeans, christians, buddhists, atheists, gays, dogs, ham, wine, beer, your civilization,your culture, your hates europeans, christians, buddhists, atheiests traditions, your country, and you.. complains about \""islamophobia\"""
image1870,cleaned up my friends list before it was cool
image1878,"\""never forget\"" -you said.. i am the proof you have forgotten"
image1879,when muhammad goes in dry
image1880,72 dead in syrian chemical attack ha... rookie numbers
image1882,when you try out ancestry.com and find out you're related to hitler... i will finish what you started
image1883,when muslim nibbas see a extra ticc goat in the neighborhood
image1884,her: stop it! i'm trying to put a load in the dishwasher. him: yeah... me too!
image1885,when your goat tells you she ain't on the pill
image1886,dark humor is like him '' it never gets old
image1888,what women think they'll do when the economy collapses vs what they'll actually do
image1892,mark zuckerberg marries an asian who else is capable of counting all his money?
image1893,white cop kills black man black man kills black man
image1895,my aunt gonna make you white devils pay for her grandmother owning slaves
image1896,sea monkeys
image1898,president trump: keeping bitter old lesbian hags out of the white house since 2016
image1901,these cute head tilts
image1902,elmo laughs as he shows the trannys he chromosome you need to be able to call yourself a man
image1903,when white people learn that fish swim in schools
image1905,saddle up motherfuckers it's time to play cowboys
image1907,"are my sins forgiven now, father?"
image1908,active shooter at a walmart in tx targeting only hispanics. armed white people
image1912,our forever first wookie
image1918,when you mighta been born just plain white trash but fancy is your name
image1921,"when cops see an unarmed black youth: \""i want every gun we have to fire on that man.\"""
image1922,a short history of u.s. presidents
image1924,when you have to hold her like this at night because she steals
image1925,now is the winter of our discontent made glorious summer by this hump day
image1927,stop crying that was only one finger
image1928,when your fifth wife eats grass from another guys hand
image1929,virgin mobile
image1930,hold my hookah pipe! when it comes to interracial marriage too many of our brothers are not marrying our sisters
image1931,make christianity anti-semitic again
image1932,we '' protect pedophiles from being prosecuted
image1933,trannies deserve being thrown into an active nuclear reactor
image1934,i'm starting to understand both the appeal of and the demand for sex robots
image1935,there was no other way. why my wife and i decided to abort our unborn gay son
image1938,me: *locks the door* every jew in the gas chamber:
image1940,here's a painting of a handbook for terrorists
image1941,found a picture of your mother's womb
image1944,the face you make when white males have commited the most terrorist acts on american soil but you paint every other group as the problem
image1945,every man needs a decent coffee maker
image1946,whats worse than a female driver?
image1947,you gotta pump those numbers up those are rookie numbers
image1950,well look at you i've never fingered a potato
image1951,they want this not because they love you they need to mix breed to preserve their species
image1952,"\""islam is love!\"" - ariana grande yeah. if you're a goat"
image1954,women are like monkeys they don't let go of one branch until they have a firm grip on the next
image1956,if you invite the snake in don't cry when it bites vote trump or don't cry later
image1958,when you stop burning jews and start burning calories
image1962,"are all terrorists muslim? no, some are democrats"
image1965,it is easier to pick fights with black women than to challenge white men
image1966,when the autistic black kid start giving the n-word pass to everyone this will be the end of wakanda
image1969,"\""i don't care mom, if they deport juan i'm going with him\"""
image1970,how white men look at you after they've already called the cops
image1971,"hello dispatch, white folks are celebrating killing other white folks for land that ain't theirs"
image1972,when you finger a girl from auschwitz
image1974,what's black on top and white on bottom rape
image1977,"take advantage of u.n. and foreign aid-funded housing and benefits \""death to the west!\"""
image1979,kick islam out of india
image1980,ahmed i love you too
image1982,"shut up, slave! happy 4th of july boss!"
image1985,"why is kinder egg black outside and white inside? because if it was black inside, the black would steal the toy"
image1987,"once a year, women go completely crazy for about 365 days"
image1988,what kind of punch can take out 20 kids and 6 adults? a sandy hook
image1989,cash me auschwitz how bow dach
image1990,the difference between you and hitler at least hitler could use an oven
image1991,imagine a group of people filled with so much hatred they have to make laws making it illegal to hate them
image1994,the face i make when they still believe in the holocaust being real and have no idea ww2 was started by the zionist jews to bring back germany under jewish control
image1997,back off f'ing white male we are on a sex strike
image1998,even if you cut your penis you will never be a woman
image1999,-your pug is cute as hell -that's my son
image2000,we have 3 apples. we give away 2 apples now calculate the radius on the bomb blast
image2006,"i don't want trump's face on mount rushmore. i want it chisled onto the moon so liberals, mexicans and muslims never get a good night's sleep"
image2010,ahmed has 3 apples. he gives muhammad 2 apples now calculate the radius on the bomb blast
image2013,"teacher: \"" ok class, bring out your calculators\"" mohammed:"
image2014,"all i want to do is move to your country, rape your women, bomb your buses, ripot in your streets and demand that you accept my religion why can't you be more tolerant?"
image2015,sexbomb sexbomb you are my sexbomb
image2021,obama voters
image2022,when wwe has a ppv in world war ll germany incineration chamber
image2024,a good asian driver
image2025,good asian '' ''
image2028,once you go black so does your eye
image2029,ever notice that christians are bad drivers
image2030,d.j. osama spin laden droppin' beats like the twin towers
image2034,islam is the religion of peace! if you don't agree i kill you!
image2035,felt cute. might kill your toddler later. idk.
image2036,"when the exchange student from america pulls out his assault rifle \""we don't do that here"
image2038,i just realized we know we don't want him in the same bathroom with our wives
image2039,first they laugh then they imitate
image2040,a great way of serving your country
image2042,hating the jews is a great honor for me and it makes me walk with my head high
image2044,"my black flag brings all the goats to the yard, watch out, i'll put a bomb in your car and the're like \""allahu akbar\"" i could teach you, but i lost my arms"
image2046,with black power comes no responsibility
image2049,the new space saving dishwasher you can hang it anywhere!
image2050,everyone jews why does the world hate us ?
image2051,how do you know if a black guy is well hung? you can't fit your finger between the rope and it's neck!!
image2052,ahmed mohamed reminds us to set our bombs 1 hour ahead this weekend
image2053,hmmm minyoda i am beat women i must
image2055,how to get a black guy to see his baby
image2057,i agree hi 5 bro
image2058,we love your political correctness and tolerance it's our greatest weapon against you!!!
image2060,when you walk into the waiting room at the ford service dept
image2061,peinigger
image2064,ever tried african food? niether have they
image2067,the ku klux klan killed 3446 blacks in a span of 86 years since 2016 blacks killed 1891 other blacks in chicago alone
image2068,good things small packages
image2070,when you're the only dog left at the dog shelter and the black family wants to adopt you
image2071,happy cinco de ported!
image2075,"armed with the knowledge that aids only kills the gays, ernie tells bert to take his new found gift and spread it to the masses"
image2076,your hate makes us stronger
image2077,anne franks nudes exposed
image2079,did you know? women have small feet so they can stand closer to the sink
image2080,the muslim on the front door be like: no full auto in buildings
image2081,i hate cupcakes and women
image2082,hey dont blame me for a bad economy! you wanted me just to kill muslims for you!
image2083,i was gonna make a muslim joke but they always blow up in your face gotta be careful
image2084,gay people fear me so why is it called homophobia? a phobia is a fear of something i do not fear gay people
image2086,"\""that's the way, allah, allah i like it\"" put'n the \""ham\"" in mohamed"
image2090,ankle compilaion when you stoned your 3rd wife yesterday and you're lonely
image2092,"roses are red, violets are blue mexicans are rapists, and so am i"
image2093,when your dishwasher is broken so you take it back to walmart to get a new one
image2096,it explodes on penatration new military drone to fight isis
image2099,"ben was born without eyelids so they circumcised him and used the skin the operation was a success, he's just a little cockeyed!"
image2102,i have a dream  that one day my people will not act like animals
image2103,when someone drops a penny
image2105,sure cancer is bad but you know what's worse? nigas
image2107,when muslims have been slaughtering millions of innocent people across hundreds of countries and finally someone gives them a taste of their own medicine
image2109,that's enough facebook for today  this sammich isn't going to make itself!
image2110,"israel we teach, terrorism,sir!"
image2112,a serbian man
image2115,why do muslim woman wear a mask it's easier to hide their fur
image2116,"put'n the \""ham\"" in mohamed"
image2119,a monkey wearing makeup and a dress does not make it a woman and a man wearing makeup and a dress is also not a woman
image2120,know why colored people have all those air freshener in their cars? they can't stand the smell of ni**er either!
image2122,"never let anyone tell you what you can or cannot do. just look at beethoven. everyone told him he would never be a musician, just because he was deaf but did he listen?"
image2123,how they see how i see
image2127,1400 years of islamic progress
image2128,smash gender stereotypes all men are potential rapists
image2132,pork dripping rub the only way to keep your children safe in rotherham
image2133,blacks when they hear kilometers per hour instead of monkeys per yard
image2134,just bought my first slow cooker
image2136,you're an awesome nigger!
image2137,i just hired a gorgeous blond swede with big tits and long legs as babysitter anyone know where i can find a baby like real quick?
image2138,there's so much white trash in this picture i barely know where to start!
image2139,not all black people are criminals
image2140,thanks to john deere black lives haven't mattered for a long time
image2141,israel's target practice one child's eye is a mistake. one hundred fifty-nine is a policy
image2147,a black man invention ''
image2148,"trump supporters because why learn the facts, when you can mindlessly preach hate?"
image2150,the first annual mohammed-a-thon
image2151,how to pick chicks in auschwitz
image2152,"each oven could only burn less than 6000 bodies per year, or the metal would fracture tone"
image2153,the porn again christian
image2154,it's ma'am look i found a penis
image2155,if asians got random english tattoos too it means love in english!
image2156,how come every week black police don't kill unarmed white males?
image2157,"taking on a job at the morgue, ernie has finally found a way to do good in the world. if all those girls die as virgins, they should at least not be buried as such"
image2160,get the hell out muslim! you are not wanted here !!!
image2162,"charles martel from the year 732 explains how he kept france safe from muslims \""i slaughtered every single one of those savages, until they retreated back to the third world, poverty stricken hell hole, from which they came.\"""
image2163,you see little black children i see hundreds of thousands in welfare and future incarcerations
image2164,greetings white person time to die
image2165,don't let this group get you downs
image2166,when your dive instructor starts yelling in aribic
image2168,when the media blames all violence on black people we've forgotten the crackers!
image2169,my sense of humor is so dark it picks this
